{"cameraMode":{"drawMode":0,"name":"Shaded","section":"Shading Mode"},"sceneLighting":true,"audioPlay":false,"sceneViewState":{"m_AlwaysRefresh":false,"showFog":true,"showSkybox":true,"showFlares":true,"showImageEffects":true,"showParticleSystems":true,"showVisualEffectGraphs":true,"m_FxEnabled":true},"in2DMode":false,"pivot":{"x":-0.6620054244995117,"y":1.6507539749145508,"z":-0.2612786293029785},"rotation":{"x":-0.058580998331308368,"y":0.908476710319519,"z":-0.13619694113731385,"w":-0.3907538056373596},"size":11.252594947814942,"orthographic":false}